{"genesis-settings":{"update":1,"update_email":0,"update_email_address":"","blog_title":"text","style_selection":"","site_layout":"content-sidebar","superfish":0,"nav_extras":"","nav_extras_twitter_id":"","nav_extras_twitter_text":"Follow me on Twitter","feed_uri":"","redirect_feed":0,"comments_feed_uri":"","redirect_comments_feed":0,"adsense_id":"","comments_pages":0,"comments_posts":1,"trackbacks_pages":0,"trackbacks_posts":1,"breadcrumb_home":0,"breadcrumb_front_page":0,"breadcrumb_posts_page":0,"breadcrumb_single":0,"breadcrumb_page":0,"breadcrumb_archive":0,"breadcrumb_404":0,"breadcrumb_attachment":0,"content_archive":"full","content_archive_thumbnail":true,"image_size":"thumbnail-vertical","image_alignment":"alignleft","posts_nav":"numeric","blog_cat":0,"blog_cat_exclude":"","blog_cat_num":6,"header_scripts":"","footer_scripts":"","theme_version":"3.2.1","db_version":"3200","first_version":"2.10.1","content_archive_limit":"500","upgrade":1,"footer_text":"Copyright [footer_copyright] \u00b7 Wordpress Theme by <a href=\"https:\/\/www.helloyay.com\" target=\"_blank\">Hello Yay!<\/a>","entry_meta_before_content":"[post_date] by [post_author_posts_link] [post_comments] [post_edit]","entry_meta_after_content":"[post_categories] [post_tags]"},"genesis-seo-settings":{"append_site_title":0,"doctitle_sep":"\u2013","doctitle_seplocation":"right","append_description_home":1,"home_h1_on":"title","home_doctitle":"","home_description":"","home_keywords":"","home_noindex":0,"home_nofollow":0,"home_noarchive":0,"canonical_archives":1,"head_adjacent_posts_rel_link":0,"head_wlwmanifest_link":0,"head_shortlink":0,"noindex_cat_archive":1,"noindex_tag_archive":1,"noindex_author_archive":1,"noindex_date_archive":1,"noindex_search_archive":1,"noarchive_cat_archive":0,"noarchive_tag_archive":0,"noarchive_author_archive":0,"noarchive_date_archive":0,"noarchive_search_archive":0,"noarchive":0,"home_author":0}}