{"genesis-settings":{"blog_cat_num":6,"content_archive":"full","content_archive_limit":"150","content_archive_thumbnail":true,"posts_nav":"numeric","site_layout":"content-sidebar","nav_twitter_text":"Follow me on Twitter","theme_version":"3.2.1","upgrade":1,"header_right":1,"nav_extras_enable":0,"nav_extras":"","nav_extras_twitter_id":"","nav_extras_twitter_text":"","update":1,"author_box_single":"","db_version":"3200","superfish":0,"image_alignment":"aligncenter","first_version":"2.0.2","update_email_address":"","header_scripts":"","footer_scripts":"","image_size":"featured-horizontal","trackbacks_posts":false,"footer_text":"Copyright [footer_copyright] \u00b7 Wordpress Theme by <a href=\"https:\/\/www.helloyay.com\" target=\"_blank\">Hello Yay!<\/a>","entry_meta_before_content":"[post_date] by [post_author_posts_link] [post_comments] [post_edit]","entry_meta_after_content":"[post_categories] [post_tags]"},"genesis-seo-settings":{"noindex_cat_archive":1,"noindex_tag_archive":1,"noindex_author_archive":1,"noindex_date_archive":1,"noindex_search_archive":1}}